source,headline,url,content,image
Motley Fool,"If You Like This High-Yield Vanguard Fund, Then You'll Love These Two Dividend Stocks",https://finance.yahoo.com/news/high-yield-vanguard-fund-then-101500486.html,Boost your passive income in a way that's right for you.,https://s.yimg.com/uu/api/res/1.2/n5RASF.kpYaG_5tsTtIJ_A--~B/Zmk9c3RyaW07aD0xMjM7cT04MDt3PTIyMDthcHBpZD15dGFjaHlvbg--/https://media.zenfs.com/en/motleyfool.com/b7291f4362f22bf9f130948f3771467b.cf.jpg
Motley Fool,Could This Be The Mystery Stock Billionaire Warren Buffett Has Been Adding to Berkshire Hathaway's Portfolio?,https://finance.yahoo.com/news/could-mystery-stock-billionaire-warren-100300546.html,The conglomerate is quietly accumulating a billion-dollar stake in a mystery company. Could it be this longtime competitor?,https://s.yimg.com/uu/api/res/1.2/MD6De038BYb8gwlwwmvDTg--~B/Zmk9c3RyaW07aD0xMjM7cT04MDt3PTIyMDthcHBpZD15dGFjaHlvbg--/https://media.zenfs.com/en/motleyfool.com/e014c2238f65439f974a036579f1a739.cf.jpg
Motley Fool,2 Stocks Down 30% to Buy Right Now,https://finance.yahoo.com/news/2-stocks-down-30-buy-095500994.html,These stocks have plenty of catalysts ahead.,https://s.yimg.com/uu/api/res/1.2/AzWJN8TnDCDP32Q9XzDXQg--~B/Zmk9c3RyaW07aD0xMjM7cT04MDt3PTIyMDthcHBpZD15dGFjaHlvbg--/https://media.zenfs.com/en/motleyfool.com/fb3a97e7ec45060e298bcb6ae450e6e8.cf.jpg
Motley Fool,"1 Stock That Turned $1,000 Into More Than $1.7 Million",https://finance.yahoo.com/news/1-stock-turned-1-000-095000910.html,There are very few companies that have rewarded their shareholders quite like this tech giant has.,https://s.yimg.com/uu/api/res/1.2/8HaQ4Cz1TXrSKvYvB_KKog--~B/Zmk9c3RyaW07aD0xMjM7cT04MDt3PTIyMDthcHBpZD15dGFjaHlvbg--/https://media.zenfs.com/en/motleyfool.com/0349f68870d2c2be43e960cf35c5a867.cf.jpg
Motley Fool,Prediction: These 3 Artificial Intelligence (AI) Stocks Will Outgain Nvidia Over the Next 5 Years,https://finance.yahoo.com/news/prediction-3-artificial-intelligence-ai-094700309.html,Nvidia has reigned as the best big AI stock on the market. But it could be soon pushed aside.,https://s.yimg.com/uu/api/res/1.2/wi9j3q3NRF.91sqKr.sTpg--~B/Zmk9c3RyaW07aD0xMjM7cT04MDt3PTIyMDthcHBpZD15dGFjaHlvbg--/https://media.zenfs.com/en/motleyfool.com/141d814bc307d89b50495bb3a3a3b4bd.cf.jpg
Motley Fool,Is Albemarle Stock Going to $156? 1 Wall Street Analyst Thinks So.,https://finance.yahoo.com/news/albemarle-stock-going-156-1-093000725.html,"Lithium prices may have bottomed, which could be a bullish signal for Albemarle.",https://s.yimg.com/uu/api/res/1.2/oG0S6PFKM250mQvmNdraYA--~B/Zmk9c3RyaW07aD0xMjM7cT04MDt3PTIyMDthcHBpZD15dGFjaHlvbg--/https://media.zenfs.com/en/motleyfool.com/7cb7f3d42a8fe0eb00c46dfc6dba4073.cf.jpg
Motley Fool,An Unlikely Duo in Congress Aims to Ban Lawmakers From Buying Individual Stocks: Here's How Lawmakers Can Still Get Rich,https://finance.yahoo.com/news/unlikely-duo-congress-aims-ban-090600868.html,"Members of Congress have demonstrated an uncanny ability to outperform Wall Street's benchmark index, the S&P 500.",https://s.yimg.com/uu/api/res/1.2/smfyMK6ETHwj38hxyIbqdQ--~B/Zmk9c3RyaW07aD0xMjM7cT04MDt3PTIyMDthcHBpZD15dGFjaHlvbg--/https://media.zenfs.com/en/motleyfool.com/786856eafc9eb512e325c705d0c58422.cf.jpg
Motley Fool,4 Exceptional Growth Stocks You'll Regret Not Buying in the New Nasdaq Bull Market,https://finance.yahoo.com/news/4-exceptional-growth-stocks-youll-084100851.html,"Amazing deals can still be found by opportunistic investors, even with the Nasdaq Composite reaching new heights.",https://s.yimg.com/uu/api/res/1.2/WbY_K8rnIsM8rJR5bn3hrw--~B/Zmk9c3RyaW07aD0xMjM7cT04MDt3PTIyMDthcHBpZD15dGFjaHlvbg--/https://media.zenfs.com/en/motleyfool.com/27de5d365cdcd10bd4ef137590ef029b.cf.jpg
Motley Fool,"1 Stock That Turned $1,000 Into More Than $800,000",https://finance.yahoo.com/news/1-stock-turned-1-000-081700711.html,Investors can learn a lot by looking at this company's monumental rise.,https://s.yimg.com/uu/api/res/1.2/yZLfZuq5h_tHnHDV1TOWfw--~B/Zmk9c3RyaW07aD0xMjM7cT04MDt3PTIyMDthcHBpZD15dGFjaHlvbg--/https://media.zenfs.com/en/motleyfool.com/5afff9312c0a730c3e896c01654b5fb5.cf.jpg
Motley Fool,Ready to Invest in Artificial Intelligence (AI)? 2 Stocks That Are Solid Bets.,https://finance.yahoo.com/news/ready-invest-artificial-intelligence-ai-081500773.html,These companies are pouring investment into AI right now.,https://s.yimg.com/uu/api/res/1.2/dhnSGLk4JrnYmXaQ5q8w9w--~B/Zmk9c3RyaW07aD0xMjM7cT04MDt3PTIyMDthcHBpZD15dGFjaHlvbg--/https://media.zenfs.com/en/motleyfool.com/921cc7fe9bcc141297c952ba242c5cc7.cf.jpg
